Model,Seed,Experiment,Accuracy,Precision,Recall,F1,Macro F1
ModernBERT,42,Goodreads → Goodreads,0.8527885863,0.8510362694,0.8543563069,0.8526930565,0.8527885243
ModernBERT,123,Goodreads → Goodreads,0.8411154345006485,0.8442838370565046,0.8355006501950585,0.8398692810457516,0.841105811694047
ModernBERT,456,Goodreads → Goodreads,0.8417639429312581,0.8514056224899599,0.8270481144343304,0.8390501319261213,0.841718943514081
ModernBERT,42,Goodreads → IMDb,0.6635027557,0.6911111111,0.5777089783,0.6293423272,0.6606201403
ModernBERT,123,Goodreads → IMDb,0.6677893447642376,0.698948948948949,0.5764705882352941,0.6318289786223278,0.6645895241786675
ModernBERT,456,Goodreads → IMDb,0.6619718309859155,0.6922498118886381,0.5696594427244582,0.625,0.6586538461538461
ModernBERT,42,IMDb → Goodreads,0.7311932555,0.6948873007,0.821846554,0.7530533214,0.7290702395
ModernBERT,123,IMDb → Goodreads,0.7036316472114138,0.6583756345177665,0.8433029908972692,0.7394526795895097,0.6979218285165594
ModernBERT,456,IMDb → Goodreads,0.7101167315175098,0.6597222222222222,0.8647594278283485,0.7484524479459763,0.7032239286401649
ModernBERT,42,IMDb → IMDb,0.7317819963,0.7432521396,0.6990712074,0.7204850032,0.731343149
ModernBERT,123,IMDb → IMDb,0.7207593386405389,0.7035321366531557,0.7523219814241486,0.7271095152603232,0.7206080491662117
ModernBERT,456,IMDb → IMDb,0.724739742804654,0.6849173553719008,0.8210526315789474,0.7468318783441285,0.7226276131069853
