Length,N,Accuracy,Recall,Macro F1,Experiment
≤128,978,0.8302658486707567,0.42924528301886794,0.7098773374506777,IMDb → Goodreads
129–256,681,0.6960352422907489,0.782608695652174,0.6830186388197438,IMDb → Goodreads
257–512,782,0.6624040920716112,0.8971774193548387,0.5636640317876316,IMDb → Goodreads
513–1024,517,0.690522243713733,0.9563953488372093,0.5318301186271847,IMDb → Goodreads
>1024,126,0.746031746031746,0.9789473684210527,0.4560172692930383,IMDb → Goodreads
≤128,322,0.7608695652173914,0.3076923076923077,0.5748263740032582,Goodreads → IMDb
129–256,1246,0.6597110754414125,0.43700787401574803,0.6252184967424121,Goodreads → IMDb
257–512,978,0.6206543967280164,0.583916083916084,0.6191728688036794,Goodreads → IMDb
513–1024,584,0.6695205479452054,0.718421052631579,0.6444764076699124,Goodreads → IMDb
>1024,136,0.75,0.8543689320388349,0.6448540706605222,Goodreads → IMDb
