review_text,is_spoiler,item_id,y_true,y_pred,error_type,direction
"The story follows Annalisa Townsend who is sailing to the Caribean with her Father to start a new life after the recent death of her mother. On route the ship they are on is attacked by Pirates, hiding from the attack she is approached by Pirate James Sterling, who instead of robbing her of a valuble necklace that had belonged to her mother steals a kiss and a ring. Her life will never be the same again and she makes it her business to find James Stirling and get back her ring. This is a great romance book, even though it is a YA book, the depth of love story between James and Annalisa just keep me hooked! nothing more than kisses happen and the odd embrace but it was just the right mixture. After finishing the book it left me with a hugh grim and that warm fuzzy feeling :)",False,493051,0,1,FP,IMDb → Goodreads
"Anya Whitson is a cold woman. She has never loved her daughters, or so they believe. Meredith and Nina are devastated when their beloved father dies, leaving them with the unwelcome task of caring for their aged, withdrawn and disapproving mother. Yet one thing intrigues Nina: their father's deathbed plea for Anya to continue the fairy tale story she began to tell her daughters long ago, the story of a peasant girl who loves a prince, long ago in the magical Snow Kingdom where a Dark Knight threatens to destroy all that is good. As the plot unfolds, it is apparent that Anya's fairy tale is anything but fiction. For Meredith and Nina, it holds clues to their mother's past in war-torn Soviet Russia, where she was caught in the siege of Leningrad. This is obvious to the reader from the start, but I anticipated when the daughters would realize the truth and wondered how the two women would react when they learn the truth of their mother's tragic background. (Anticipation is often better than surprise, Roger Rosenblatt claims, and here is a great example.) I've read several novels about the siege of Leningrad, and Anya's story rings true: the coldest winter on record for the city, the thousands of people who starve to death, the rumors of sausages made of human body parts being sold in the market. Her descriptions of pre-war Leningrad seem accurate, too: the fear of speaking one's mind, the knowledge that anyone might betray you, the disappearance of the free-thinkers and poets and intellectuals. One thing I particularly enjoyed was the dynamics between Meredith and Nina and their arguments over the what-to-do-about-mom question. When Anya breaks her ankle and seems to be losing her mind, Meredith, the one who stayed at home to run the family business, thinks that putting their mother in a nursing home will ease the burden of her overloaded life. Nina has left town long ago to pursue her passion--photojournalism--and rarely takes a break from shooting war zones, tribal people in Africa, and other places in order to return home. She of course doesn't have to care for mom on a daily basis and is horrified by Meredith's decision. I never had siblings, so the relationship between sisters fascinates me; the conflict over caring for an aged parent gave me insight into my own family as my mother and her siblings decide how to care for my grandfather. There are a few discrepancies in the story, but mostly minor things about Meredith's past. Did she get married because she was pregnant, or had she and Jeff married young and then she unexpectedly became pregnant? I seemed to get both impressions at different points in the novel. Tiny quibble. Some of the writing could have been better (not so many adjectives or adverbs, that sort of thing). But the family dynamics are just as intriguing and true to life as Anya's story of her tragic life in the brutal war. Definitely worth reading. For my more conservative readers: there is some cursing and implied sexual content. Considering the subject matter, the violence is surprisingly low-key.",False,6668467,0,1,FP,IMDb → Goodreads
"3.75 stars I received an e-ARC copy of To Have and to Hold from the publisher and NetGalley in exchange for an honest review. Brooke Baldwin has just moved to New York to join Wedding Belles, a premier wedding planning company. She's eager to move on from the fiance that was arrested on their wedding day and a fresh start is just the way to do it. Her first client is a sweet hotel heiress Maya and her tempting brother Seth Tyler, the Tyler hotel group CEO. Seth is trying to keep it all together. After finding out that his father hid his heart condition from Seth until after his death, Seth is determined to not lose anyone else. If that means investigating his sister's fiance behind her back, so be it. Maya is engaged after only knowing the guy for three months and Seth finds that suspicious, also he's never met the man. So because he holds the purse strings, he will be involved in this wedding. Now if the wedding planner would just stop distracting him with how attracted he is to her. I liked Brooke and Seth a lot. They had great chemistry, the banter was hot and the together they felt right. There were lots of cute moments together in the book. I liked Maya and Grant and I really would have liked to see more of them. I have slightly mixed feelings about this book. Seth and Brooke both have a lot of baggage that didn't get addressed. Brooke is ignoring everything to do with her former fiance and she isn't dealing with it at all. There were parts where Seth and Brooke were having a moment and she would make a quip that would totally break the mood for me. It just seemed off. Then she would fly off the handle about things that just didn't make sense to me. Like the breakfast scene. Brooke did not handle that well. Then when they break up and Seth tries to contact her and she is ignoring him, eventually he stops and Brooke says that he didn't try hard enough. Really! Seth is a control freak and he admits that right up front. It ends up damaging his relationship with just about all the characters in the book. When he loses control he lashes out and usually it's pretty mean. The good thing is that he is aware, but he doesn't put much effort into trying to fix it, until the end. I feel like Brooke and Seth should have been able to work through their problems together. What I really wanted was for them to do that. So what I really wanted was a longer book. The ending was sweet and cute but I wanted them to work together and I don't think I got that. It was a good read and I enjoyed it. I am looking forward to Heather's book.",False,27271035,0,1,FP,IMDb → Goodreads
"Ramblings. Yes, I'm still in my ""prolonging The Redemption of Callie & Kayden"" phase. It's such a good day today and it'll be such a waste for my mood and energy to just be sucked right into the depressing and sad story of that book. That's why I decided to read this one. The summary of this book got my attention starting from: ""Indy Savage, cop's daughter, rock chick and used bookstore owner, has been in love with Lee Nightingale, once bad boy, now the man behind Nightingale Investigations, since she was five years old."" Yep, pretty much the start of its blurb. Immediate thought after reading this book. Is it just me or this book is really loooooooong? Rock Chick was definitely a very long roller coaster ride (I may or may not have this urge to get off the ride already in some parts of it). My thoughts. Kristen Ashley without a doubt truly has a way with words and totally gets playful with it. She knows that she has it and she uses it in full power. Even if the situations thrown upon the characters were scary and could certainly give readers shivers and goosebumps, she uses words to diffuse those feelings and manages to crack smiles on readers' faces. I totally enjoyed that she could do that, even highlighted/bookmarked a number of scenes where it made me cackle BUT then I find the whole book quite wordy. I don't know about you but I get the ""wordy feel"" when the character's thoughts gets jumbled and tangled. Then it ends up or comes out in a variety of phrasings. Towards the end part of the book, it feels like it's quite dragging already. One hurdle after another and another, gets old already by the time it hits the last page of the book. The author could've lessened the number of curveball these characters experienced in the story and should've given more focus unto my next thought which is ... I could've like this a whole lot better and even given it 5 stars if they got together months/weeks after they have rekindled their friendship and all. Some of you may be disagreeing with my sentiment and may even be saying that they've waited years already for a THEM to happen. Yes, they may have the hots and fell in love with each other years before the present time but for a decade they haven't been interacting well with each other... I can say that ten years is a long time and some things about them are bound to change in the years in between. I think, TIME is needed in that kind of situation. Though, I found it very heart-warming that they ended up with each other. Thinking of Iittle Indy having a crush on the young boy Lee and looking at them now in this book ... feels like a fairytale. All in all, I still enjoyed reading this book. If you want to laugh while reading tense action packed scenes, then this book's the one for you. Bye x",False,6538757,0,1,FP,IMDb → Goodreads
"Okay, so I may have over hyped myself with this one but it was still a very enjoyable read. Jamie is our lovable red headed cop who is determined not to let anyone near his emotions and Gavin is our resident lover boy/party runner who knows everyone and something else. They seem to make a odd pairing at first with all the we're just having sex talk, but what I really loved this one for was how close it came to being something you expect to happen in the real world. It wasn't the overplayed 'I'm sleeping with you so now I have feelings ' gig. It was two men being unsure about what they wanted and fighting tooth and nail against figuring it out of fear they'll mess each other up. That's what made this book so great. It made them human. They never realized that they came to a point where they cared and even thought that they could. Its kinda funny seeing that soon enough, it looks like Jamie will end up right where he didn't want to be in Quinn's shoes. I have a feeling he'll get used to it and love it though.",False,16006196,0,1,FP,IMDb → Goodreads
"This is the story of Lila whom started her life off as unloved but was able to know what love was through the woman whom stole her, and yet perhaps truly saved her. Although perhaps a drifters existence in her childhood she had Doll whom treated her as a daughter and she traveled among people that cared for each other, whom believed in honest work for honest pay and did their best to survive in the depths of poverty and the hardest of unfortunate times. However, life was riddled with cruelties. It is the questioning of her existence. Why do things happen? Will our past always be a part of us? Can we escape our past and will it always have a piece of our soul? Can you, one day make sense out of what befalls you in life? Lila's path in life crosses with an older Preacher, he offers her a safety net, a chance to be loved. Part of her realizes all the good things this man has to offer, however she is conflicted;is this new life just settling for second best, because you can't let go of your past. I'm middle of the road on this book, it left me with a sense of ""hmmmm?"" So many questions, and it's up to you to decide if she found her answers or if she ever will.",False,20575411,0,1,FP,IMDb → Goodreads
"After reading the second novella, I thought perhaps the good stories had been drained and these final three would be dull. Thankfully, this visit to the Silent Assassins and the tale told put the story back on track. I didn't quite know how to read Ansel at first. She was the polar opposite of what we know about Celaena. She was perky, friendly, and annoyingly positive. Her past sounded just as tragic as the assassin's, so bonding was sure to ensue. Ilias was the Silent Master's son and oh. Em. Gee! From moment one he had his eyes on the prize (Celaena) and although he didn't speak, there was something about him. Sadly, Celaena began to realize she missed Sam... and probably actually liked him. Her training in the desert was brutal, but it gave her new skills, too. She also managed to open up and make friends. But, the assassins were being attacked by the nearby lord, and all goes to Hell one day after a huge betrayal. Celaena received what she went for, and more. I also hope to see a number of these characters in the future.",False,13419891,0,1,FP,IMDb → Goodreads
"Mmm I wasn't a super big fan of this one. The narration, split between two sisters who have the same bigamist father, was okay. Although basically the narration was the same between the two of them (as in, the style wasn't different or anything), I thought that it was interesting to see the different points of views of the sisters, one who knows that she is an illegitimate daughter and the other under the delusion that she is part of a whole legitimate family. The writing was also okay. Not great, just okay. Just didn't blow me away or anything. A great deal of the book definitely read as YA which is fine but there was something almost a little subtlely adult there that I couldn't put my finger on. There was a darkness to it that never really felt resolved. It gave me an uneasy feeling and while reading it I wasn't exactly sure at all how to feel. Of course, this was an uneasy topic. To write of bigamy is quite interesting, especially if it results in two daughters who share so much and so little in common. I think the parts that I enjoyed the most were those that discussed I guess what you would call colorism, and the self esteem issues a black girl can face if she doesn't have certain hair, skin color or slimness. I thought those things were interesting, as the ""legit"" daughter had the ""whole"" family but felt ugly for having none of the aforementioned good traits. On the other hand, her sister was illegitimate but was pretty, slim and was a ""silver girl"". The thing is about all that is none of that felt resolved. I guess my major problem with the book at large was that there was so much focus on the backstories of the parents (only one of which was interesting) that it left the daughters' in the book's present moment almost entirely unresolved. It did not feel in any way that I knew Dana well or Chaurisse. And there were also many characters in this book, as a bildungsroman goes that didn't seem to have much to do with the plot either. I also hated the epilogue. Overall, I thought this story dealt with an interesting topic but I guess for me the execution didn't have me moved. I wish that I had gotten more info about Dana and Chaurisse (and even Raleigh) because they definitely would have made the book more interesting.",False,9749711,0,1,FP,IMDb → Goodreads
"I DNF at 26% because the plot was just too drawn out for my tastes. The premise was interesting because the main character had lost her memory and the only thing she knew how to do was bake feelings into cakes. Then when the main character was taken in by slavers (for whatever reason, they decided to raid the town she was living in) she kept having an apparition appear to her saying ""I know who you are"" multiple times without ever giving her any hints as to who she is which was extremely frustrating. And some creepy guy bought her from the slavers to make a gingerbread house and he also knows who she is. All in all, it seemed really promising, it was just not my cup of tea.",False,28418764,0,1,FP,IMDb → Goodreads
"I stumbled upon Whitney's When You Were Here and as it was a looong wait, I moved onto read this series to kill the anticipation and thankgod it didn't disappoint! The outline is so promising and I could tell that it was inspired from To Kill A Mockingbird even though I haven't read it (it was obvious...). Now, I'm a huge fan of vigilante justice so this hooked me on and of course the fact that our girl Alex goes through being date-rape drugged and that struggle to find and be herself that she undergoes. The thing is that I sort of do understand the whole institution of Education tends to ignore the reality of what actually goes on in the personal lives of students at school especially boarding school. The whole attitude that grades are the most important thing in existence is all too real and that Whitney has managed to either symbolise it or actually show it in the open, is what I loved. Alex is a wonderful girl even though she managed to infuriate me sometimes. The skilful weaving of broken memories and the present is almost too dramatic to be true but the feelings coming from Alex are so so absolutely substantially animate and they cut right through to me. Whitney has added in the afterword that she herself has faced being date-rape drugged which explains the beautiful narration of emotions. I also find that the existence of a democratic jury for justice is really impossible in reality but Alex and her coming-of-age story won me over.",False,6882274,0,1,FP,IMDb → Goodreads
"I've let this one sit a little while, but I'm still not entirely sure what I think about it. On the one hand, this book REALLY appealed to my love of flawed characters. I think they might have gone a little TOO far with the flaws in our heroine, because for most of the first two thirds of the book I was kind of bothered by how much she seemed to hate everything about herself. And the hero's grumbledypants stoicism did very little for me either. But I loved the fact that they made mistakes and had poor judgement and dealt with consequences. I liked that it didn't always take the easy way in the plot. I loved the world of intrigue and deception we spend the middle third of the book in, even if I hate how many people are portrayed as utterly shallow. On the other hand, as much as I was enraptured by the writing and the world and the story, I finished reading and found the experience... unsatisfying? I don't need a bow tied on or anything, but I felt like some of what was wrapped up didn't need to be while some of what was left open would have been better off given a stronger direction. Strike this, I was unaware this was first in a series. But the writing - I can't even guess at what it was about the book, I sort of want to dissect it from a writing perspective and see if I can figure it out. Because I could not put this book down. I read it faster than I have almost any book this year, staying up late and waking early to get back into the story. I also liked that because of the pov, and the writing, I could totally understand how our heroine got drawn into the Darkling's web and got so ensnared. So many times, when a book like this comes across my desk it's eye-rollingly obvious that something's up with the mysterious stranger and that trusting him is a Very Bad Idea. But in this, I only got a few inklings before we got into the heart of stuff going wrong. I appreciated that. Definitely read this, if you love language and fantasy. You may not like it, but I think reading it is an experience worth giving yourself.",True,10194157,1,0,FN,IMDb → Goodreads
"This volume was pretty interesting, though I still miss Bigby! Snow made did make an appearance though . I don't know why or how, but along the way, Snow and Bigby have become my favorites, and their absence was sorely noted  in Vol. 6 and Vol. I don't know what to say, except I love the maturity and creativity that drives this series, and even though I still have more material ahead of me, I'm kind of sad knowing that the series is already ended and wasn't as long as I may have hoped.",True,21327,1,0,FN,IMDb → Goodreads
"I always wished I was a gifted child - nearly as much as I wish I were a gifted adult. Reynie (Reynard) Muldoon sees an ad for gifted children and (being a quite gifted child) applies for the position - which vaguely promises ""Special Opportunities."" I won't tell you whether he gets the job or not,  just kidding, he gets it  but I will tell you it follows Reynie and three others on an adventure where everything is an unknown test, and they can't afford to fail. In an era of vampires, zombies and wizards I found it refreshing to read something a little more straightforward, albeit fantastical and slightly whimsical. Be forewarned, though it's not a particularly difficult book, I found it much longer than I had anticipated. Not wanting to give anything away, and not feeling up to a longer review, I'll leave it at that.",True,83369,1,0,FN,IMDb → Goodreads
"Some twists I found fairly predictable, a lot of threatening mood building that fizzled when the light was thrown on them. Too many weak characters, pretty much all of them unlikable, bogged the story down in the middle. The end had a really promising possibility of the need for a morally ambiguous decision, which is, unfortunately, tidied neatly and laid aside. I had some other sundry logic problems with it, like:  WHY the second phone line? A cell would be so much easier, and would block out the tedious need for ominous phone calls. A quick read, but not as strong as  What the Dead Know . Still, the ending, with Lippman's signature insights, was strong enough to bump my rating to four.",True,7636774,1,0,FN,IMDb → Goodreads
"An interesting little novella that touches on the interplay of technology and memory - if you're connected 24/7 and can review anything you've seen or said at the touch of a button, do you really have to remember anything? What happens when you're disconnected after a lifetime of never being alone? I'm torn between 3 and 4 stars for this one - I want to give it 4 for the premise and the questions it raises, but at the same time, that's like praising a chef for assembling gourmet ingredients in the kitchen before they've actually cooked anything. I really wish this was an actual novel - 85 pages is not long enough to develop the character or premise. And as proof of this, everyone seems to discuss the questions about memory, recollection, authenticity, etc., raised by this book; but the ACTUAL conflict  (some kind of eco/tech terrorism? Some shadowy AI or corporation that's infecting deer herds with some kind of spreadable/communicable internet-blocking ""virus""? WTF?!) gets almost no mention. And it's because there's just no time for it in this book! This really needed to be longer. But if you've got 45 minutes, I recommend reading this. It's certainly worth the minimal time investment. If this author ever expands this into a novel, I'm on board! 2016 reading challenge: a book under 100 pages long",True,26883555,1,0,FN,IMDb → Goodreads
"This book was just OK for me. I have trouble with the NA genre. I guess I have a hard time connecting with the mindset of 20 year olds. And I feel like I finished 300 pages and still don't have a good grip on the world she was trying to build. I don't understand whether this is supposed to be an end of day show down or just a duel that goes on between the opposing sides all the time. And why is no one questioning Ivy as the  Last Davidian? She's only 20 years old. How can they say she is the ""last"" anything? Shouldn't she be asking how they know that? I'd be way more alarmed about that than anything else she's been spazing about (You mean I'm Jewish?!).",True,17158976,1,0,FN,IMDb → Goodreads
"It takes a while for the plot to get going, but the concept and world-building are interesting. It reminded me of a short story I read years ago, except that was in space. I think the beginning suffers somewhat from the fact that a well-characterized annoying protagonist that fits the plot is still, well, annoying. It might have helped to learn that she isn't actually a scientist  sooner.",True,66479,1,0,FN,IMDb → Goodreads
"This is one of the books that has most affected my life. It has inspired me, it has taught me, and it has given me a glimpse of the human spirit. It is just beautiful. I wept over it. One of my favorite books of all time. ~2017 re-read~ THIS BOOK: O_O I found myself reduced to a quivering mass of humanity, drowning in tears and sobs last night as I finished it. Markus Zusak hit upon and incredibly zany, but creative way to approach this story from the perspective of death. Who would have though that it could be so amazing? THE CHARACTERS: the characters are marvelous. The way we are given such a beautiful and intimate view into the glorious souls of these humans is almost unparalleled. Hans: The man with Silver eyes of Kindness. Rosa: The Wardrobe woman who swears like a sailor, and loves with an ginormous heart. Liesel: The Book Thief and the Word Shaker Max: *sobs* The Jewish fist-fighter who stole the sky. Rudy: The boy with a heart of gold and hair like lemons. And a huge cast and a myriad of other character whose hearts are bared to the reader. THE WRITING: The word pictures in this book make it so fresh, interesting, and even humorous. The words in this book are glorious, pilling on top of eachother, wrapping around eachother and morphing into a vision in my head. Without describing things in the mundane details of the average book, everything is perfectly visible to the minds eye. THE STORY: It reads almost like an autobiography at times. There is no way when you are done that you wouldn't think that the story was real. And quite possibly, it could have been. There was so much research, reality, and even experiences that went into making this book as amazing as it was. The authors relatives were actually witness of WW2 and he used their experiences, as well as numerous others to write the book. It was a fascinating and emotional snapshot of the times. THE QUOTES: A small but noteworthy note: I've seen so many young men over the years who think they're running at othe young men. They are not. They're running at me. Five hundred souls. I carried them in my fingers, like suitcases. Or, I'd throw them over my shoulder. It was only the children I carried in my arms. Max lifted his head, with great sorrow and great astonishment. ""They were stars,"" he said. ""they burned my eyes."" I have hated the words, and I have loved them. And I hope I have made them right. IN CONLUSION: This book remains a treasured piece on my bookshelf. One word of caution. There was a fair amount of profanity and swearing throughout the book. I took the liberty of editing the swears out for my own and siblings future enjoyment. But if you want to read the most amazing book ever written about WW2, you must read this book! * does contain  quite a fair bit of language (which I was not okay with) and lots of really dark things including death in many gruesome ways)",True,19063,1,0,FN,IMDb → Goodreads
"My Southern Lit professor suggested Sherman Alexie's The Absolutely True Diary of a Part-Time Indian way back during my sophomore year of college. I put off reading it, afraid that - like so many other highly-recommended books - it would fall short of the hype. Five years later I picked it up looking for that ever-elusive well-written YA novel. It did not disappoint! Alexie's protagonist - Junior - is an earnest character that gives the reader a pragmatic and sometimes desperate view of life ""on the rez"". There is no grand narrative here, and it's no The Catcher in the Rye; you won't find prolonged periods of reflection or pages where the narrator waxes poetic about the plight of Native Indians. Junior does not - and should not - have the capacity to truly grapple with the alcoholism, depression and poverty that is endemic to his reservation. Junior's reactions to death, violence and other Big Issues seem authentic: he is a 14-year-old living in a world where these things are commonplace. It would be out of character if he suddenly launched into a monologue about institutionalized racism. The only criticism I have is that Junior's character progression once at Riordan seems ""easy"". Junior is viewed as an absolute loser by his peers at the onset of the novel. He is weak and weird, and is constantly bullied as a result. After a few months at Riordan, he is one of the most popular kids in school: a star basketball player dating the prettiest girl. This progression highlights the divide between life on Spokane and life at Riordan. It allows Alexie to paint a more nuanced picture of the racism and avoid the All Whites Suck narrative. However, it also seems to give credence to the idea that Native Indians perpetuate their circumstances. Life becomes so easy for Junior at Riordan: he experiences far less racism than I expected and succeeds easily. Meanwhile, everyone else remains on the reservation. Alexie touches on this briefly throughout the novel, but since this is a YA book and is thus limited in scope, he cannot explore it in the way the topic really deserves. I have not read his other works, but perhaps the complexity I am looking for can be found there. Overall, great book. I would definitely recommend it as an introduction to Native Indian issues for teenagers or young adults.",True,693208,1,0,FN,IMDb → Goodreads
"This book was good. The characters were realistic, because rick riordan is good like that. This book will make NO sense unless you've read its predecessor, The Mark of Athena. There is some awkward parts, like the fact that  Nico's Gay  . There are also some sad parts, like the fact that  Bob dies  . The second to last line is depressing for that reason.",True,12127810,1,0,FN,IMDb → Goodreads
"The term ""Chick Flick,"" is applied as a word to belittle a movie in my view. This film features females in the primary roles, and males in secondary roles.  I was reminded of ""Thelma and Louise, "" and ""Boys On The Side.""I am ready for as many of these kinds of films as the director and producer will create.  This film tells a story.  No car crashes, no machine gun bullets, no explosions.Right on!",False,tt0120791,0,1,FP,Goodreads → IMDb
"Disclaimer: If you are a viewer that mainly prefers art-house-type movies, then you might as well ignore this review. In addition, if you're not able to take a few action sci-fi leaps of faith, ignore this review, as well. We'll both be better off. Lucy (2014) is written and directed by Luc Besson and produced by his wife Virginie Silla. Just like The Fifth Element this movie is very similar to that movie, just it has a different story and different cast of actors in it. At least unlike Taken 3 This film is well shot and bloody. I adore Scarlett and she is an absolute delight to see in this. I just finished watching Lucy today and I like it. It was really good descent sci-fi action flick. In the beginning when Lucy talks to his friend Richard I thought the movie would be boring but it wasn't it was a hell off a ride. It went pretty fast and end well. I watched Scarlet Johansson in Captain America The Winter Soldier which in my opinion is the best action super hero movie for me. And in Lucy Scarlett Johansson did not disappoint me. Also Morgan Freeman was also really good. I enjoyed it ,it was fun and It is pure fantasy. Scarlett Johansson & Morgan Freeman carry this film, no doubt about it. But there is a story here ,what if we used 100% of our brain?? What would that be like , what would we be like?? Well for one thing ,things wouldn't be important, wars wouldn't be fought, racism would not be anything or wouldn't have started in the first place . You could think what you want on all of this, at least the film makes you wonder and that I find is fun. Lucy was like Inception and limitless combined with its intriguing premise and a film where u have to think more than a lot of other mindless films. every movie needs some sex appeal to make it realistic, film is the art of re enacting life....to some degree....I thought she was kick ass until her body dissolved. fortunately that was at the end of the movie. the small amount of sex appeal that she is given with this role is forgivable because her mind is transforming and everything is new, but I felt betrayed when she lost her ability to be relatable. I watch this movie twice it was fast paced and Entertaining action sci-fi flick! I really like Scarlett Johansson I was disappointed with Avengers: Age of Ultron especially on Scarlett's acting skills and her behavior during that awful movie. I think in 2014 were still some good movies that I like: I love Captain America: The Winter Soldier which Scarlett Johansson surprised the hell out of me on her performance as Black Widow including Chris Even as Steve Rogers and everyone should know that I love this movie to death. I like Lucy and I think of Luc Besson there are three movies that I like: Léon: The Professional (1994), The Fifth Element (1997) which everyone know I am crazy about that Sci-Fi action movie and this one Lucy (2014). I know the director made a lot of movies including La Femme Nikita (1990) but for some reason I never liked that movie, I don't know why, I just didn't. Or the series which Peta Wilson started it and later in new the series Maggie Q as Nikita. I just don't like those types of bloody movie and series. Those three movies I just counted are really good movies and I love them so much.Lucy is one of those high-octane films from writer/director Luc Besson that gives the audience a fun entertaining action extravaganza set piece but with a plot that is so far out there that its not so fun and entertaining to relate to, unless of course you happen to be tripping' along with the films characters. Scarlet Johannson, no stranger to the action genre brings her A game and Morgan Freeman's authority shines through but Lucy is as wacky as they come. Human mules may be a dose in reality but one where the in-jested drug makes you become one with just about everything is a little bit bizarre. Either way this one will either thrill you or beg you for a much better 90 minute high. The only thing that confused me so much of this movie is the ending which I don't get what happened with Lucy on the end of the movie. The end ended with a cliffhanger by the end if you ask me. I like that Luc Beeson tried to do something different than a straight revenge action movie - It was interesting and it kept my attention - I really liked the scene in the hospital when she was talking to her mother:)!!!! It was fairly decent overall. Wish it were a bit longer though because it seemed quite short. I am giving this movie a 10 because of Luc Besson, Scarlett Johansson and Morgan Freeman as a science professor he did an outstanding perfect acting performance, he is awesome as always!!! Lucy is a 2014 English-language French science fiction action film written and directed by Luc Besson and produced by his wife Virginie Silla for his company Europacorp. 10/10 Grade: A Studio: Universal Pictures, EuropaCorp Starring: Scarlett Johansson, Morgan Freeman, Amr Waked, Choi Min-sik Director: Luc Besson Producer: Virginie Besson-Silla Screenplay: Luc Besson Luc Besson Rated: R Running Time: 1 Hr. 29 Mins. Budget: $40.000.000 Box Office: $44,025,000",False,tt2872732,0,1,FP,Goodreads → IMDb
"Learning that Hollywood will remake the good old action / sci-fi Arnold flick made my ears turn to attention. I consider the original a good film (not Arnold's best, but still good) and was really interested and open minded for this one.Where to begin? The new cast is good. All three major characters are tested in action films in the past and they do manage to handle the action scenes in a descent way. Sure thing the remake keeps a more ""up to speed"" pace compared to the original according to recent standards. In fact the whole movie is a frantic chase / fight collage of scenes with some slow ""story-telling"" moments (that take like 1/10 of the whole duration).Sadly for me that's where the whole thing comes crushing down.First of all where is Mars? Seriously? You are doing a remake and basically try to capitalize on the success of the original by butchering it? Sorry but that is so FAIL as Judge Dred without a helmet on! I started watching the movie thinking from that tenth minute on ""now they will mention Mars"". No deal, never happened.Second of all. Sure its an action film and yes I accept that I am not watching a historical documentary. But having a gravity train that travels through the core of the Earth is simply WRONG. You are saying you actually managed to build a tunnel through the magma? Why not simply built a... colony in Mars? Also the gravity train is called that way for a reason. It lacks gravity, which in the last 30+ minutes of the film is simply not happening.Third, guys try to be a bit original. Yes most FX where really good but that doesn't say a lot nowadays. Trying to set up a Bladerunner environment simply doesn't work anymore and is it me or the synthetic army had a lot in common with the robots from ""I, Robot""? All in all this is mediocre even if you don't compare it with the original one. Once you start doing comparisons... Not worthy of the money.",False,tt1386703,0,1,FP,Goodreads → IMDb
"This is the film that came after Dumb and Dumber, and before Something About Mary.  It didn't make much money, and most critics hated it.  When people speak about Farrelly movies, they rarely mention this movie, and that's a shame.  I'm a fan of all of their movies, but this one is my favorite.The reason it is my favorite is because it has one of the funniest performances I have ever seen.  Bill Murray as ""Big"" Ern McCracken is amazing.  He is such a b*****d yet, he's so funny.  Check out the diner scene between he and Woody Harrelson's Roy Munson(another great performance).  There are four things that Bill Murray does in this scene that are perhaps the funniest things I have ever seen.  I couldn't stop laughing when he tells the waitress(who has just delivered their drinks)""You wanna wash that perfume off before you come back to our table.""  The look on Bill's face, and the delivery of that line are truly inspiring.I would rank this performance right up there with Rodney Dangerfield and Ted Knight's performances in Caddyshack.  This is why Bill Murray is one of the greatest comedic actors ever.",False,tt0116778,0,1,FP,Goodreads → IMDb
"Quan has been mislabeled as a fugitive his entire life, but now has settled into an uneventful and tranquil British existence. Living above the Chinese restaurant that he owns, the aging man has successfully evaded the enemies that have lined his past. Now with one remaining possession to protect, simple errands require high security protocols. When a group of political radicals cross paths with this wise, sleeping giant, a new target transpires. The final love being stolen from Quan, an unsuspecting politician will have to aid in the chinaman's revenge. Liam only has loose ties to the rogue outlet that woke the beast, but nonetheless he will be bullied into servitude.Quan practices dark blackmailing with precision and ingenuity. Liam underestimates his determination, which results in a wide range of casualties. Both men discover ugly truths of this road to revenge, but only one is looking for them.The pair develop an endearing respect for one another, never despising the other's mission. They have fought for nation and pride on separate hemispheres, and have buried their blood in pursuit of some imaginary freedom. Liam has turned his struggle into a two- faced political position, while Quan only ever wanted to disappear.No matter how well you assimilate and hide within a peaceful country, terror can bite, because its victims are always faceless. Quan wants to be the final face these bargain bin anarchists see, and Liam is the only one that can sniff their tracks. A hunter beats his bloodhound into submission.Fear is a dangerous tool when working towards equality. Scaring your opponent into compromise only turns enemies out of everyone. Collateral damage will come back from retirement and slit your throat for a senseless attack. Cowards plant bombs, but revolutionaries speak with incendiaries.",False,tt1615160,0,1,FP,Goodreads → IMDb
"What a god awful waste of time! Not only is the story ridiculous and infantile, but also are the characters so idiotic and unrelatable, I cannot believe somebody had actually wrote this movie. It is so Awful it seems like the ape from scene 1 played with a typewriter and this so called movie is the outcome.Morgan Freeman, what a waste of talent, to be standing there like a d list actor mumbling all those silly theories, Sheesh! And Scarlet Johanson? Dude what gives??? In some scenes she looked like a 40 year old divorcée? what the F happened to her?Luc Basson? Dude I loved you! What a heartbreak! I hope they made money, I hope they made lots of money, enough money to but an island and stay there, away from movie making for the near future. All three of them should think long and hard as to why would they spend our time and money on such a scam of a movie. I swear had I stayed in the cinema's parking lot I would have had a better, more entertaining, use of my time.",False,tt2872732,0,1,FP,Goodreads → IMDb
"The Pirates of the Caribbean franchise is a big McDonald's thing of the movies, where it comes slapped with the greasy paws of Jerry Bruckheimer and ready to sail off into matinée serial territory. This could be fine except that as each passing film goes on (with a couple of minor exceptions to scenes I'll mention) the quality of the series lessens with each film. It also doesn't help that this time the franchise loses one of the interesting things going for it in Gore Verbinski's visual/storytelling sensibility. While he ended up making parts of Dead Man's Chest and At World's End cumbersome with super-sized plots not worth much (albeit parts of Dead Man are a lot of fun, and the Davy Jones Locker segment of 'World's' is a perfect slice of surrealism), Rob Marshall just doesn't really have it in him to take the series where it could go.This latest effort, On Stranger Tides, misleads in its title (not too strange), and is still stuffed with over-plotting with double crosses and other shenanigans and new characters. The premise should be simple, and it is: there's word of a Fountain of Youth(TM) off on an island somewhere, but as Captain Jack (Depp, of course still around once again) is off to find it he has to contend with Blackbeard (Ian McShane) going also for it. This could make enough for a movie, albeit lifting a bit already from Indiana Jones and the Last Crusade. And there's a little extra intrigue with Blackbeard's daughter, Angelica (Penelope Cruz), being Sparrow's kinda-sorta-not-really love interest of yore. And of course the mermaids, who for at least five minutes when revealed as the blood-thirsty hybrids they are make the film full of vigor and excitement.But then there's other stuff padded in to make it once again an over-long effort (not as long as At World's End thank goodness, but too long still), with Barbosa, Geoffrey Rush's most hammiest of ham-bone characters (whether it's also in his acting I'm not sure), also chasing after the Fountain but for more shady reasons as he appears up front as an actual ""Captain"" in the Royal British navy or whatever.AND there's another goody-too-shoes along the lines of Orlando Bloom, though this time not him (thank foodness) but some other bland guy I don't remember his name at all and then he gets into some entanglement with the one mermaid they catch to take to the fountain. Why the mermaid? It's complicated... or, rather, not really, just a tear of a mermaid and some water and a couple of glasses and that's it... but it's more complicated than it seems, after a while.Frankly, memory of this is spotty. Not because of it not trying, but because it just didn't try hard enough. Marshall's direction doesn't really try for anything that inventive like Verbinski was able to, and directs action in the most cardboard-cut-out of styles that one could see in any Bruckheimer actioneer. If that floats your boat, you might enjoy the movie a lot, but the action and excitement of past films (save for an escape scene early on with Sparrow through the streets of London, or some such town, and the mermaid scene mentioned earlier when they first appear and attack the pirates) is lacking here.So, therefore, much of the movie has to rest on the appeal of its performers. How does it fare? Taking out of account whoever that bland-priest-kid was, and the mermaid girl equivalent (aka Bloom/Knightley 2.0), we got a couple of the regulars with Depp and Rush, and they both have their moments for sure - Depp especially has to carry a lot of scenes (arguably, even, the whole movie overall) on his shoulders, and for what it's worth in the fourth go at it he can still hold attention and get some chuckles... not laughs, mind you, just chuckles at this point. Honestly why they keep Sparrow's father, -the almost inimitable Keith Richards- as such a walk-on player on these films is beyond me as he could save portions if it was bumped up to a small role. Rush, meanwhile, is often relegated to exposition even when things should get interesting.Curiouser still is McShane and Cruz. McShane could have made this a really memorable villain, but he seems to be tired through a lot of the performance, sometimes getting a little energy to yell during a scene, and not enough to make one feel that this is such a ""Bad Man"" as he calls himself. Cruz does better as a firebrand tough-girl sort who can kick butt and take names when need be, but isn't given much of a character either except near the end when there's some wicked double-crossing going on between her and Sparrow on a beach. It's a fine scene that the two actors have - and it's even a moment that shows why they're such *great* actors in other performances - and yet a little too little too late. By then the plot has turned its gears, Hans Zimmer's surprisingly generic score has gone through its motions, and mermaid tail (pun intended) is sorely lacking.One small note to Marshall's credit, he gets ONE really fantastic WTF cameo during the city-chase scene with Sparrow when he lands in one of the carriages crossing town. I won't say who it is, but it's a self-conscious regal-joke that had me laughing harder than almost anything else in the movie. And a scene like when Sparrow argues over a big-giant-scary jump off a cliff into a river should have been the tone of much of the movie... and it isn't. It's not too terrible to hate (sorry House Next Door guy, this probably makes me a half or quarter of a c*** then), but to recommend it as anything other than at best a rental or a lazy summer afternoon nothing to do cable TV view would be false.",False,tt1298650,0,1,FP,Goodreads → IMDb
"I am shocked to see such a low ratings for this great achievement. Really, how can someone rate 1, 2 etc for this . 
The Best True story with excellent direction, Cinematography (1 rating extra for filming it in Black and White). It makes us to feel that we are not watching movie, We are just a part of that place where story revolves. I personally recommend this movie to everyone who will understand the meaning of Film and for the true movie lovers. My Top 5 movie of all time.Also Acting was superb, I liked Ralph Fiennes acting so much. He looks almost similar to Amon Goeth itself . He should have won an Oscar for this Worthy performance.",False,tt0108052,0,1,FP,Goodreads → IMDb
"Well this is better than the Phantom Menace, but then again anything would be better than that.As to be expected the special effects are amazing, truly stunning at times (though some shots just look to digital if you know what I mean), and we finally get to know the full story behind The Clone Wars, but I'm afraid this movie bored me, theres just nothing to it. When Natalie Portman tells Anakin that she loves him it comes from nowhere, it seems to just be inserted without thought and consequently you don't believe it, and the characters of Jango and Boba Fett are beyond awful, especially the space battle in the asteroid belt, whats up with that annoying kids stupid remarks and melodramatic laughing.In summation this has none of the spunk of the original two movies (A New Hope and Empire Strikes Back, Return Of the Jedi has its own problems), and breeds disappointment from long suffering Star Wars fans like myself.4/10",False,tt0121765,0,1,FP,Goodreads → IMDb
"Dreadful, dreadful film. Very stilted script with idiotic scenes. Scenes that should have been poignant patently were not. The pregnant pauses where we know what the character should be saying to sort the situation out are not made full use of. This could have been done so much better. You don't empathise with the characters because they are so spiteful to the favoured son's slightly uptight girlfriend. Someone who has been brought to the family home for what should be a joyous occasion, Christmas. I don't understand why the boyfriend didn't warn her what the family was like and he obviously didn't love her as he didn't follow her out once she became distressed and left the house. He just mooned about like a wet week and it was left to the brother who did have a spine to corral the girlfriend, calm her down and bring her back into the fold. Finally it descended into slapstick when the writers couldn't think of anything else to do with the script. All in all a waste of the incredible acting talent that it attracted.",False,tt0356680,0,1,FP,Goodreads → IMDb
"You truly have not seen an animated movie until you have seen ""The Lion King"". It is witty, exquisitely animated, and charming. The plot line is original and although I am well aware that it was copied from ""Hamlet"", as far as animated movies go, it was daring. Little Simba is absolutely the cutest animal ever, except for possibly Dumbo... While all of these factors have made it one of my favorite movies, there is one more that definitely separates it from all the other Disney movies, and that is the voice talent. James Earl Jones is wonderful as Mufasa as well as Jeremy Irons as the devious Scar. The bottom line is that you must watch this movie because it has a great message for younger kids, as well as a few jokes that children won't understand, for adults.",True,tt0110357,1,0,FN,Goodreads → IMDb
"being a movie lover, i would say it is a movie of a utmost compliment and should be on no.1 in the list as it is a movie which is worth making movie for in filmography.. and leaving a marks on a heart and mind of a mankind..as Liam sir says in the end of movie..""this car could have cost another 10 people, i could have saved another few people"" touches the heart how brave one could be in a troubled/war times to think of others..also not to forget to mention the work of Ben Kingsley sir as always appreciable with the work of cruel commander played by Ralph Fiennes sir..overall great movie to watch.thank you Mr. director Steven Spileberg for one of your great movie.",True,tt0108052,1,0,FN,Goodreads → IMDb
The first movie set the bar so high I didn't think it could be beaten. I was proved wrong. This is better than the original. Well done. Absolutely fantastic.The characters were fleshed out incredibly well. The movie did not regurgitate the original plot but allowed for new developments and the characters to respond to them in a natural manner.,True,tt3896198,1,0,FN,Goodreads → IMDb
"At first, I heard that this movie has been rated the number one Disney film of all time. After watching the movie, I thought that it is very over-rated. I felt that the movie was very incomplete and pretty much lame.However, I realized that this movie contains many strong messages and themes, and I have begun to appreciate it a lot more. I feel that the characters had a LOT of potential to develop more. There was lots of potential to add to the story line - there could have been so much more. The movie might as well have been an hour longer, so that it could incorporate a lot more ideas. I feel that the characters were left pretty incomplete, and that a lot was not revealed. However, the movie is wonderful in that it has strong, lead females. For once, a Disney movie contains strong princesses who have power and strength. Additionally, the ""true love"" is not a typical spark of lust. Rather, it is a much more beautiful and stronger bond - the bond of two sisters. Finally, ""true love"" and a true love's ""touch"" is something powerful that happens between sisters, and not between a random 'male and female'. Breaking out of the typical waste of time that has been going on for centuries in stories made this a very refreshing and wonderful movie.*7.5/10*",True,tt2294629,1,0,FN,Goodreads → IMDb
"First of all, let me premise this review by saying that I'm not easy. Hollywood seldom makes movies that I think are worth watching and 2010 has been a particularly bad year. I don't watch children's or teen's films so those aren't considered in my comments.Inception is in no way Christopher Nolan's conception which is oddly the only thing that actually supports the entire theory of it. It's a planted thought. Le Guin dealt with the idea in Lathe of Heaven back in 1971. The concept of course would never fly since humans don't trust each other, let alone strangers, or to the extant necessary as outlined by Nolan. Taking it to more levels changes nothing but shows that the obvious is being ignored.The bad cinematography keeps the viewer from seeing scenes at the beginning of the film or was that just to save money? When a phone call ends and one party hangs up, you don't get a busy signal. Picking a team you trust means using a total stranger who is willing to go along with doing something illegal? Interesting definition of trust.The characters were not engaging. Not necessarily bad acting, you just didn't care about them. Leonardo's character was boring and predictable. The others were necessary for him to talk to/at and tell the rules to, only to break them.For all of the eye candy, the film lacked imagination or maybe it was budget constraints or maybe Nolan is just incapable of dreaming.I don't need a totem, just a refund.",True,tt1375666,1,0,FN,Goodreads → IMDb
"** HERE MIGHT BE SPOILERS **Butch and Sundance is getting tired of their outlaw life, and after a never relenting posse almost catches them, they decide to go to South America. They try to go straight but revive their criminal lives robbing banks. Creating new in-famousness about themselves, they must fight the local police force, the army and detectives from the U.S looking for them.An interesting movie, where Redford and Newman portray the legendary outlaws Butch Cassidy and Sundance Kid. A great cast with the two great actors in the lead, the do a really nice job. The story is a nice mix of action, western, adventure and comedy. The characters, no matter their predicament, always keep a light-hearted tone. This make the movie fun to watch. The overall story is very good, following (mostly) what is accepted as the ""true"" (?) fate of the outlaws. There are no serious plot holes or errors anywhere and it is a very well made movie.8/10",True,tt0064115,1,0,FN,Goodreads → IMDb
Spielbergs classic tale based on the true story of Oskar Schindler who saved more than 1000 Jews during the holocaust. one of the all time film greats that won seven academy awards and got Liam Neeson his Best actor nomination for Portraying the title character.The film of the ninety's hands down and my personal all time favourite with Heat.The Supporting cast to are on top form such as Ralph Fiennes and Ben Kingsley.A Legendary film.10/10.,True,tt0108052,1,0,FN,Goodreads → IMDb
"Jason Segal plays Peter a film composer who seems like he found the right girl called Sarah Marshall(Kristen Bell). But when she calls in to see him in the nude she of course wants to break up with him. Heartbroken he decides to go on a vacation to clear his head,ONLY for him to meet her again,only this time she has a new man in her life (played by Russell Brand).Later Peter meets a quirky receptionist called Rachel(played by Oz The Great & Powerful's Mina Kunis) and the two become close friends. But will Peter ever let go of Sarah and settle down with Rachel instead?Overall this screwball comedy has a few laughs in it,there's a lot of nudity however so be prepared but hey I remember seeing it before and it wasn't a bad film. If you love your movies where the guy just can't seem to let go of a chick or if you love Jason Segal and any actor that was involved in this film then check it out. Overall im giving it a 6.Keep an eye out for Paul Rudd from This Is 40 and Jonah Hill who later teamed up with Russell Brand in Get Him To Greek which is a spin off of Forgetting Sarah Marshall.",True,tt0800039,1,0,FN,Goodreads → IMDb
"3 idiots a film which makes a viewer to think whether the film is a comedy or a serious one.It released in India at that time when making such type of film is risking all your money.Thanks to the director for taking such risks.I am writing this review so late because recently a Shahrukh Khan film named ""Chennai Express"" broke the records of 3idiots.Thats the mentality of public.I cannot understand how a film like CE can earn so much.Surely, in my thoughts people should understand the meaning of cinema,it is not only for entertainment and if it is for entertainment then that should be sensible.Now a another sensible film is released ""Madras Cafe"",according to me everyone should watch this movie.Its a called a sensible story.And if anyone wants to see bollywood entertainment film watch film like ""Hera Pheri"" and its sequels.",True,tt1187043,1,0,FN,Goodreads → IMDb
"Biopics aren't and will never be my piece of cake. Sure, The Pianist is one of my favorite films, i also liked a bit Schindler's List. Rare exceptions. But this one is just like 90% of the bios produced: tedious and uninteresting. Sure she was perhaps a woman with will to life, she had his physical obstacles and tried to win them and stuff, but there is really nothing more in the film. Talking about the plot, i have major problems with the fact that it has little to none focus for the secondary characters, which clearly would be interesting aces if earned a fair amount of screen time to them. The focus always being on Frida really don't helped this film, since that she was either drinking and yelling like crazy or just painting. And that is also my point:The story has no conflicts besides the traditional husband- wive discussion. The relationship of Frida with Trotski is either pointless or bad explored, because it just added useless running time to film. Also, some supposed jokes aren't funny or what's ever. This film tried to expand other limits beyond the melodrama and it clearly failed. But OK, i kinda liked to see the special cameos of Antonio Banderas and Edward Norton, which instantly took this film out of the stagnation and for once brought my interest in it. The cinematography is very nice, the art direction is terrific and got some inspirations from the Spanish paintings and their use of vivid colors in the characters, to contrast with a more neutral ambient. The music used in the film is bad, definitely not a fan. The editing was OK, it wouldn't help that much in this film anyways unless if they had cut lots of pointless scenes from it.The acting by Salma Hayek was indeed good, not impressive, but she did her job fine. She really put effort in her interpretation work of Frida. Deserved Oscar nomination.I wouldn't recommend it. A search in Wikipedia is definitely faster and more interesting.6.2/10",True,tt0120679,1,0,FN,Goodreads → IMDb
